timestamp,city,aqi,pm25,pm10,no2,co,temperature,humidity,wind_speed
2025-03-25 20:28:47.638558,Metropolis,215.89635746158444,87.29515648352712,117.00138025911427,51.39910747518624,1.7615149282040128,34.219811223331774,75.79212815507391,13.837173645764544
2025-03-26 20:28:47.638558,Metropolis,198.43622983346714,72.84224234885477,130.67773807853786,40.3080021408149,0.7671351232148715,29.20233833496613,42.75082167486967,7.188562353795136
2025-03-27 20:28:47.638558,Metropolis,203.9002624936968,64.72591311792723,126.16251653632084,35.87894920625968,0.29384814933235426,34.28186106001218,60.67528204687924,2.8762590689327165
2025-03-28 20:28:47.638558,Metropolis,177.20091458197493,71.78075859428536,122.13820098744199,33.46331395685853,1.187849009172836,34.09816848170172,53.98293387770603,19.261390922544688
2025-03-29 20:28:47.637544,Metropolis,139.00426108015324,54.766250052042274,73.79884405554893,40.709803332587526,0.3895781750144889,29.105343839916316,46.71813951101569,10.984306179345618
2025-03-30 20:28:47.637544,Metropolis,150.3697774081378,66.06199892472482,98.40486596098991,31.336017288514427,0.8494481522053556,32.832967487212706,55.393612290402125,15.285611131094578
2025-03-31 20:28:47.637544,Metropolis,206.10489095475225,85.14964438312474,84.73225195214204,48.238524713746855,0.8074588597918417,36.832713886321514,70.30999522495951,14.656400595580994
2025-04-01 20:28:47.637544,Metropolis,165.9314696341392,67.41155194638422,113.81547467506141,48.31254171139754,1.4877725635611796,34.44293046737045,48.93665025993972,4.018966879596646
2025-04-02 20:28:47.637544,Metropolis,234.08191152299565,92.18622050900773,147.1223003310586,44.279065370744036,1.501766448946012,33.063807322732,63.61395605508414,17.690182832329846
2025-04-03 20:28:47.637544,Metropolis,227.78936298773297,79.45353502709789,151.27926153690083,18.79801176597613,1.410951252187612,34.09844075547598,60.91760776535502,0.062155426995536445
2025-04-04 20:28:47.637544,Metropolis,183.6213539564131,76.68251599413799,127.10864289778593,59.767737603265495,0.7408648908631763,33.48352602509672,69.15402117702074,11.643755548298422
2025-04-05 20:28:47.637544,Metropolis,150.78376429356976,47.01194016080226,105.20286348822887,33.449947102134324,1.4843224952664447,33.99618516886061,56.078918468678424,2.682425259339407
2025-04-06 20:28:47.637544,Metropolis,136.02760132383023,59.37498219105204,100.1208724962229,32.51772358396631,0.8827064333124266,33.70465304924562,56.572854834732304,5.988613653891905
2025-04-07 20:28:47.637544,Metropolis,196.2825552747872,77.48282054702382,127.9341764693117,63.812912123112284,1.0872889064159195,34.72771536370848,40.812287847009586,9.867430622753915
2025-04-08 20:28:47.637544,Metropolis,253.2467038945398,80.76859013446368,169.06254772772814,43.00895884486292,1.1507736711668062,31.426534379815546,71.4282281451502,13.759665163433871
2025-04-09 20:28:47.637544,Metropolis,235.08797215178967,91.68776048551479,101.54567282390886,58.939083749295534,0.29907446860385956,41.48250751736448,50.09463674869312,7.16851135198614
2025-04-10 20:28:47.637544,Metropolis,192.54776856514255,81.26832228096143,109.59081462464623,29.38014159166208,1.0342814874030137,36.30755319422895,50.80575765766197,17.749672025087698
2025-04-11 20:28:47.637544,Metropolis,172.20000838162395,67.97016361423306,113.13721417480139,52.994653673335,0.3845678417830224,38.78090976248559,43.92516765438772,10.923169292661521
2025-04-12 20:28:47.637544,Metropolis,170.4057966485875,58.55677295332599,110.12425399494568,19.959758411019,0.33977169345786185,35.720219539499375,62.504928503458764,11.732241047484878
2025-04-13 20:28:47.637544,Metropolis,167.2079721503247,44.391903009232436,99.03348469258478,35.22686164944171,0.642824290986816,36.21763567919026,48.08696502797351,13.282768043169149
2025-04-14 20:28:47.637544,Metropolis,212.16677418317335,64.89998595923754,135.0220085938201,56.34606129639772,0.5896588408241448,35.99844828713318,68.2206015999449,19.483964913269737
2025-04-15 20:28:47.637544,Metropolis,188.6328383872044,75.76154219253817,104.08882261172204,35.82603767003538,0.5920948575172809,35.74463789074055,62.766907993300194,14.13591624518012
2025-04-16 20:28:47.637544,Metropolis,228.41989602845246,79.55378403864988,148.10881503386827,42.03280949786108,2.3600845832948094,32.10790516099179,49.29107501938888,12.412362076215926
2025-04-17 20:28:47.637544,Metropolis,191.3082523274654,75.91746919139521,133.1841263387663,49.36708173137694,0.9635855436715636,30.090163811583896,55.53485047932979,14.28199397161736
2025-04-18 20:28:47.637544,Metropolis,197.12583189223614,82.38576250169899,93.84675893537911,46.31898742838479,1.1926586898644185,35.04835348770955,60.58208718446,4.285148510846884
2025-04-19 20:28:47.637544,Metropolis,143.46248695984616,59.44043033783317,104.82612042627805,42.867322398057226,1.5269010260174514,31.72333484655909,65.1503526720866,12.568929754561044
2025-04-20 20:28:47.637544,Metropolis,265.2982334551214,61.69294689483416,170.50547721345959,37.69252090705339,1.5677828200902995,36.437789554039114,56.84730755359654,13.794846102466337
2025-04-21 20:28:47.637544,Metropolis,193.46627891710378,67.26284464974484,113.54646216691245,39.57397595561317,1.0409370696931612,28.825815856128962,66.86260190374513,1.9364206440517417
2025-04-22 20:28:47.637544,Metropolis,202.67514139971576,71.65864893906712,139.88545232821028,45.011613653908945,0.46112761103534694,36.40760670975834,52.69633368282864,11.082292947909874
2025-04-23 20:28:47.637544,Metropolis,177.99371468171591,79.29805621931679,104.88971097902304,65.74668020363305,1.3169595111590056,34.866602254688075,53.38213535231612,14.26216667398112
2025-04-24 20:28:47.637544,Metropolis,161.14802518412444,66.59800336737136,115.4339928364548,49.29278001173551,1.4328775970850607,33.23940351440809,55.25054688839044,6.733353837131441
2025-04-25 20:28:47.637544,Metropolis,283.30527728363717,104.83348612540433,125.62714300100093,31.566996717243487,1.458930973527388,37.27323204224738,44.80630034045987,7.578829635668743
2025-04-26 20:28:47.637544,Metropolis,171.27009488342833,72.21575983968367,78.16474959045087,36.04424058240444,1.3873170267146684,33.92747023275676,27.58732659930927,4.878061793328551
2025-04-27 20:28:47.637544,Metropolis,118.79603957202089,49.27859377559629,67.14501043044355,47.8576710625632,0.28492931101968366,34.42577975510512,74.41273289066116,2.8206892441028035
2025-04-28 20:28:47.637544,Metropolis,240.40120219829117,95.36424209702258,117.07983994243901,34.14330639686958,1.2310517371316354,32.15774227587271,60.69802084990019,8.0734320156912
2025-04-29 20:28:47.637544,Metropolis,219.99010032495912,79.46390663135858,129.88433316930573,59.74074138774845,0.3810922505865755,28.02430982772742,58.482149049644164,12.941586032422883
2025-04-30 20:28:47.637544,Metropolis,198.6441576692984,81.8151220954962,103.94637572279419,41.7188995361626,0.7534995326705836,36.34892833079843,63.57015485965047,6.535452023696729
2025-05-01 20:28:47.637544,Metropolis,219.03036115499228,90.92812450568519,122.29717997881185,51.84568437548282,1.314814420961806,32.036520066502305,67.47293605123262,13.051851327167324
2025-05-02 20:28:47.637544,Metropolis,197.8442704405404,76.949318651536,118.24081150767299,56.40807023838336,0.7042143055820851,33.02484332319743,57.8231879677278,15.49388425993595
2025-05-03 20:28:47.637544,Metropolis,167.9887512874921,64.46768862981699,106.89985781250758,44.09800976904156,1.0105019208163795,32.6124214277179,63.24166352488442,9.349284728161576
2025-05-04 20:28:47.637544,Metropolis,143.33074452899825,53.359920621952035,102.26061222933018,22.770283741195907,2.0461936378427303,29.809924735167435,71.58110873500068,13.95831346981468
2025-05-05 20:28:47.637544,Metropolis,215.95881269232495,86.08030684415507,127.6446745678447,43.23678706571722,0.5513728142570842,31.327769659650034,69.7511973341775,9.264713092489307
2025-05-06 20:28:47.637544,Metropolis,154.32215973732184,64.14462602259051,108.36290912865744,47.392856529995335,0.7181377235980126,33.99460362171483,62.44966571108723,7.465284123144351
2025-05-07 20:28:47.637544,Metropolis,171.52126822327097,69.26518644464348,119.13714029053021,28.684537099485915,0.2962681128117224,32.52503905932362,63.10907565598005,17.376781084747762
2025-05-08 20:28:47.637544,Metropolis,222.30110182619904,88.99449327444918,110.9956277903598,42.874637384182556,0.4987353176810956,32.198823546449034,63.227185603380896,5.863845282238385
2025-05-09 20:28:47.637544,Metropolis,223.71183617740618,83.7138549892699,144.54026417353003,41.874227153257586,1.2008558610494706,31.75816722216865,62.24092481810417,10.062962003908975
2025-05-10 20:28:47.637544,Metropolis,144.9567825274673,52.17813857980676,73.10929997525211,30.60160029337657,1.248999145622725,35.734311029042765,81.53182457511556,6.163262185559752
2025-05-11 20:28:47.637544,Metropolis,150.5590075235697,63.582490378150986,91.91336135577826,52.14686974584713,0.5958508573224243,30.95066247733834,38.76104275690193,7.371224891596195
2025-05-12 20:28:47.637544,Metropolis,183.39103955172118,63.89078233250539,115.92453411324044,46.05644588567702,1.9380854196079431,30.90817516091822,51.01585328651642,12.459595857532529
2025-05-13 20:28:47.637544,Metropolis,206.6824249236622,55.24983844533054,149.20918014304732,54.321069482532955,0.7654121739476476,36.58828539781632,58.85460154747382,16.189081559867308
2025-05-14 20:28:47.637544,Metropolis,145.8730850847812,50.908025335056415,100.24915986638241,42.46465710566779,1.023490296882371,34.28076990552846,49.32379570617405,9.288102574893532
2025-05-15 20:28:47.637544,Metropolis,175.64782218616435,76.39558555740822,122.17550330376962,49.41172432175377,0.4376789540810654,36.1286060065604,63.323140119795916,6.257567317217232
2025-05-16 20:28:47.637544,Metropolis,264.65952401471253,97.62081790635708,113.84380009613602,53.96974097739788,1.0337592407050544,37.44279166408923,57.51035851520926,14.857854754771777
2025-05-17 20:28:47.637544,Metropolis,180.89445404928935,58.79231144592077,113.54013945386231,19.90660149527073,1.3430257299992197,26.77961764180243,48.16741487334225,0.0
2025-05-18 20:28:47.637544,Metropolis,166.51007833950578,44.82452202107118,100.14928192252857,44.45638278983006,1.0370473902098876,27.7925078942251,42.96617560644845,9.722261505516906
2025-05-19 20:28:47.637544,Metropolis,185.39642980402633,79.37644992362995,109.76930732242863,21.133313094371402,0.9554399802436058,33.81675174126028,63.66598246096848,5.300601068363224
2025-05-20 20:28:47.637544,Metropolis,154.27592334719523,65.65327352422027,88.85764548862697,41.053847669403616,1.4775711602506192,33.19277818868887,54.69742381627559,6.035635838688279
2025-05-21 20:28:47.637544,Metropolis,198.39143069132223,71.49767174486334,88.94984426788507,36.015070518619034,0.40106105370557577,31.65735422800604,53.00274492007414,11.06989955367111
2025-05-22 20:28:47.637544,Metropolis,172.58542232231682,71.15617351936883,104.84224940643244,47.562214132799895,1.3787538550236524,29.693092410431596,57.24948302848356,0.0
2025-05-23 20:28:47.637544,Metropolis,210.06612431070596,49.84739035893842,136.20036978676552,57.737305280971185,0.8754819802218108,32.22137860958895,90.78880808455239,15.597874557172883
2025-05-24 20:28:47.637544,Metropolis,105.90381286479462,45.38692812705506,64.34772918689133,12.588382797057555,1.1017318179336115,26.886084870840257,53.534271157574736,4.592259981928025
2025-05-25 20:28:47.637544,Metropolis,181.6226975529435,72.33960579058693,100.68151703573669,28.436514219083055,1.739972069445013,28.432388028264437,75.23124077269657,12.694550218423293
2025-05-26 20:28:47.637544,Metropolis,165.00195148596947,56.19701273095262,103.82678400710203,32.12166998907716,0.30860013451783197,36.60610244433512,46.01432426180859,12.814846183452854
2025-05-27 20:28:47.637544,Metropolis,154.77473333259599,61.715806821259086,97.47066036183583,34.81378343665456,0.5680046151600919,28.244872329810136,62.704568257798385,9.748809452754315
2025-05-28 20:28:47.637544,Metropolis,174.02808323926226,67.60756454520738,88.63640463147335,34.82817931841844,1.377695612912878,27.663226889706117,60.99332305429226,13.756935616858945
2025-05-29 20:28:47.637544,Metropolis,168.2040339403022,45.86372955399244,117.22441700381825,33.82616679594804,1.2852993342965797,25.037758083412957,43.72457562116837,10.24042473330691
2025-05-30 20:28:47.637544,Metropolis,185.6152982361791,74.5104384890609,87.83556894276984,46.69322506939307,0.16923996886552006,26.674251882331966,53.48163892197841,10.23699335658207
2025-05-31 20:28:47.637544,Metropolis,117.54306238947004,32.41504734105777,72.79076084587908,37.72355200230293,0.7115540652384256,26.771503346185675,65.29804177915283,17.207843103289502
2025-06-01 20:28:47.637544,Metropolis,99.8604826746587,7.950168767006176,64.09934929396374,33.28313940626316,0.8984773069785037,28.200462574310297,60.865897874729,9.221613823039602
2025-06-02 20:28:47.637544,Metropolis,213.22940042695237,87.24218506707092,109.67659807928497,43.23875369183892,0.7940615169387664,28.565052507628042,63.944521423782966,7.895077595898686
2025-06-03 20:28:47.637544,Metropolis,230.47634102632648,73.76981300692347,145.6428012031247,48.42284211105556,0.8369882339160795,28.487368957673986,39.61875464822146,4.959568445412979
2025-06-04 20:28:47.637544,Metropolis,148.23967042428302,41.05625505478134,96.6469311244276,39.7432507269801,1.8382186561376415,28.901765348657996,68.2940558118349,0.0
2025-06-05 20:28:47.637544,Metropolis,184.2464492215401,72.34459405863838,118.63286740825419,24.61932538570653,1.5718770216034645,28.159324101802547,66.32781866106285,21.35346428902198
2025-06-06 20:28:47.637544,Metropolis,186.37335972861376,71.22800062526852,107.71442192509335,34.6563944042931,0.5750778152676042,26.681751921968942,60.715662372193925,7.611712766174417
2025-06-07 20:28:47.637544,Metropolis,123.23213195237771,50.371816562508315,83.95392087020763,36.968959030735206,0.7449918005726265,26.157268440809297,55.55706739923888,11.886502465224261
2025-06-08 20:28:47.637544,Metropolis,139.70093598926104,54.22663478280962,58.36440181614151,35.13196196762128,1.6778189294024755,34.56629020423887,52.26210800896427,3.776726483442915
2025-06-09 20:28:47.637544,Metropolis,199.67787404205208,40.873355570515116,131.2521251859026,45.320736215580226,0.9722076645447725,25.40061251014452,84.45751979616827,10.646105909876137
2025-06-10 20:28:47.637544,Metropolis,165.1453720453472,68.87519653366874,115.36674439986687,43.427229624664804,1.1119420121395658,30.031542378705662,78.82024496475034,16.727100230774887
2025-06-11 20:28:47.637544,Metropolis,227.58236325540105,90.81004565300563,90.14405585149831,28.560074924121523,0.9371065399501759,31.738697682120183,43.07535370285181,17.64775159730307
2025-06-12 20:28:47.637544,Metropolis,168.77683375413355,64.21805116580576,91.34463306778751,28.173041069643627,0.17257166406711533,28.514038723810515,47.10039100258946,3.5246061396819197
2025-06-13 20:28:47.637544,Metropolis,196.7030319599345,61.22537032936461,132.77364173386263,35.53515689572222,0.2484285234409469,27.312899700115253,33.03113357058429,9.728525667410938
2025-06-14 20:28:47.637544,Metropolis,129.0493809061613,37.47023843233964,87.82551187447308,43.95668914218835,1.5632825147738787,24.647550466509895,85.7335980324986,10.296092170072441
2025-06-15 20:28:47.637544,Metropolis,103.65000770186226,40.813552882678515,72.92441851377642,27.28315435967071,0.9278197940380287,26.161729928270987,59.672467297840015,7.282876144331175
2025-06-16 20:28:47.637544,Metropolis,123.54815591958712,54.580623114402684,100.03856933567816,35.08688275307152,1.7519964942913444,30.91117548304746,72.4608519249763,0.0
2025-06-17 20:28:47.637544,Metropolis,138.3945657913754,59.80012969841348,89.98184809451226,23.395104857631143,0.6110916562045623,32.72703313508023,69.35678393147461,16.357775474970794
2025-06-18 20:28:47.637544,Metropolis,176.3567078242325,75.43119436526078,74.32813468257379,32.057854039508385,1.244687280613959,29.442051992823288,57.59674601841865,8.125895962252013
2025-06-19 20:28:47.637544,Metropolis,176.52641130362176,74.93481783184829,105.29089369291468,33.52554749620716,1.579664901682124,28.983015975230753,65.93101257968384,8.452267803430049
2025-06-20 20:28:47.637544,Metropolis,166.8364026185679,68.8254531295033,70.87791516610125,46.20699909000478,0.9075489317785055,30.113756575446434,52.95656309457241,2.957693518182202
2025-06-21 20:28:47.637544,Metropolis,102.95050081918227,15.245894111652689,82.51319659867966,11.493372332292793,1.8773970909921824,31.88703496212574,62.11017467202618,9.516434440648037
2025-06-22 20:28:47.637544,Metropolis,117.94267549941578,30.082353956636098,77.86693267519692,23.751723105136687,1.5516509410082606,27.078975413770806,56.36387787786144,9.715271881394663
2025-06-23 20:28:47.637544,Metropolis,170.54118056072537,67.53301047177838,60.170608054463735,22.976137748141614,1.3716320470113574,25.906041960140712,60.184339330653934,11.737908526808354
2025-06-24 20:28:47.637544,Metropolis,140.2789484181727,54.478568344411194,78.29635081553118,38.245934325502624,0.5108136111924839,21.17973096181229,70.29155637325644,12.362987412065216
2025-06-25 20:28:47.637544,Metropolis,151.09664252552523,66.07362615714203,113.00358989256112,52.77133451584271,1.5071850325090652,22.277859171009844,53.75181422304321,10.130455251054169
2025-06-26 20:28:47.637544,Metropolis,168.0238727285326,69.65562030338084,78.32122623144667,37.81303514294278,0.6223085338233387,21.72538420762733,50.76766753889096,3.241576971918332
2025-06-27 20:28:47.637544,Metropolis,175.02482447254994,46.909630790009274,113.39443030916068,26.279875904015206,2.316191032418695,26.328373163419254,51.41642219818787,13.501549397044958
2025-06-28 20:28:47.637544,Metropolis,115.36262518367828,27.569698153749254,69.24659461388102,48.70297815634588,0.9519700501376751,23.492603498280268,59.65011509503038,18.85400317817755
2025-06-29 20:28:47.637544,Metropolis,160.13353461566695,26.455938793274104,102.5396381500745,30.007741684600063,0.7187666120528662,28.347885678925497,66.21809962217196,2.148876400547718
2025-06-30 20:28:47.637544,Metropolis,130.5132807530084,49.60931116716963,85.82418049578389,34.51385011127086,1.310336048775339,21.252151326141025,63.801978510059634,13.052928726419115
2025-07-01 20:28:47.637544,Metropolis,170.72083452726196,68.56899665673937,111.8738244177531,43.42529151437593,1.2295900396142183,20.103187168338913,64.29618219132585,11.038438435815555
2025-07-02 20:28:47.637544,Metropolis,159.35830501182554,63.90154262015683,64.20681857693316,24.103364627030487,1.5265764266664519,26.95843212323099,60.28318376130461,10.148780697478726
2025-07-03 20:28:47.637544,Metropolis,179.5497584384201,73.5578882850973,78.90455222883853,35.703023367138506,0.7688623556474787,23.814299227322753,62.22133771633713,7.606256891682613
2025-07-04 20:28:47.637544,Metropolis,209.40952190231786,77.9758972235122,70.81718696547402,32.7010612283411,0.7801344708629125,25.15944199948942,70.31844539468635,2.5721981348151406
2025-07-05 20:28:47.637544,Metropolis,116.3064418862387,37.80148844072303,80.98621759149495,22.720707119096314,1.5327401875326756,28.62590954689881,82.9889812361925,8.185807197801704
2025-07-06 20:28:47.637544,Metropolis,133.41727457706665,26.769732594319166,91.74609516535014,37.521856664972496,0.7385699864233659,23.38078138108385,46.555494889657226,5.406740267579009
2025-07-07 20:28:47.637544,Metropolis,123.21692423324292,43.047153502375,71.80794620340144,33.7077836279602,1.1171073662682605,21.059570379611635,69.84322398476584,8.930055778872456
2025-07-08 20:28:47.637544,Metropolis,151.88445152665244,57.02486421277962,100.14661962968125,22.656189713160067,1.1912048730920253,25.360763720807505,62.89168643907818,22.27650069955447
2025-07-09 20:28:47.637544,Metropolis,113.27347044488143,47.85893668717864,75.51761557638623,27.481112961226547,0.7222614404198726,27.279567818796846,74.20504247989855,7.146268531252619
2025-07-10 20:28:47.637544,Metropolis,144.61073303871075,44.59868246503908,95.05433522013185,28.01977758799154,1.3164659088777553,18.99477568580956,75.47505201330061,18.97938836547761
2025-07-11 20:28:47.637544,Metropolis,125.465516186638,47.55202938396388,77.36175841312482,36.230583777863885,1.1672283949935125,29.402543486913885,58.2305277250595,6.008513777307732
2025-07-12 20:28:47.637544,Metropolis,62.30648945373041,10.714879865270845,44.98840162939475,20.371064414006405,1.8972789317588938,23.873697997661072,59.83577103927248,15.94196636724042
2025-07-13 20:28:47.637544,Metropolis,179.2452363768451,68.9705285922328,48.4824378477863,15.638876676882017,1.5220804385345361,28.573393079272336,65.83928185325964,8.203539546064702
2025-07-14 20:28:47.637544,Metropolis,172.14025727486336,64.58940415158872,105.76844414846428,41.06961265757569,1.253637015553649,26.372677616939058,73.82158991037527,13.243549437948214
2025-07-15 20:28:47.637544,Metropolis,135.90452156531637,52.887115390634946,86.0251036217481,44.76203296277745,0.591532164506382,21.5169268607118,60.28744822934817,16.392259313036494
2025-07-16 20:28:47.637544,Metropolis,151.26994783811034,57.92604241067984,83.5180655486949,18.931216785391452,1.3731267830136105,29.019542365107025,56.92221765046999,11.095751638319694
2025-07-17 20:28:47.637544,Metropolis,176.5376163173093,58.46744540110118,113.63910081342928,31.410389748850402,1.1395107628851697,22.923172442189,55.535663854494715,10.970449964491538
2025-07-18 20:28:47.637544,Metropolis,188.20012314902908,70.49986274391226,61.06277375580231,33.527389989476596,0.6499395925304134,17.628132533656512,54.410781527284115,11.886059375322604
2025-07-19 20:28:47.637544,Metropolis,116.89137112845084,52.54860405304531,54.783610200335545,13.980876540333115,1.940578534720295,15.436453937404853,64.40014450053333,7.489728878236944
2025-07-20 20:28:47.637544,Metropolis,91.85783259015946,13.419366924322777,69.77391771791227,21.806936728353726,0.7179606846316358,24.486301575482173,66.50201177958661,9.504120681103085
2025-07-21 20:28:47.637544,Metropolis,202.32260307700602,81.1113852962244,58.716050206741045,16.45066346850731,0.6540459650593777,22.435933525722778,57.5876394214367,11.760276982571483
2025-07-22 20:28:47.637544,Metropolis,166.18763751579183,34.314662383728674,108.50692270134319,30.72236508936698,1.5586479157940638,22.914136530754018,65.69767280232205,12.238542800086574
2025-07-23 20:28:47.637544,Metropolis,157.70010107826113,62.40656678341781,105.73163868075561,33.34807438971703,1.3545018787942562,25.703214339050746,53.2360769794073,19.00470216455408
2025-07-24 20:28:47.637544,Metropolis,138.0151140805261,51.843471436255555,50.053259001520104,32.503964497068246,0.6594741712625596,19.265048410053183,55.538165667852205,0.552296345272346
2025-07-25 20:28:47.637544,Metropolis,121.2170007818446,45.34359967813451,29.714705167726855,15.225068998578097,1.3802073280721487,22.340469918790223,50.33023856870787,9.7614432192901
2025-07-26 20:28:47.637544,Metropolis,64.68746510502596,26.758842737329044,29.552027451680498,33.44042342951529,1.4386811452878356,20.987097928827378,62.08382807947552,0.0
2025-07-27 20:28:47.637544,Metropolis,75.89232252993133,22.792332462799965,38.61030484095741,8.233796501355304,0.8594498535570225,22.67252518410549,54.28821010217203,12.862913906780793
2025-07-28 20:28:47.637544,Metropolis,187.43212279058628,72.17995586178014,95.27711012774054,31.191115855696793,0.676531611147213,21.7752683127603,68.95193220027733,13.175859008409848
2025-07-29 20:28:47.637544,Metropolis,187.3155008753048,66.62515685962086,65.61809496353487,43.61487372125867,1.0987998023461998,18.37336961064671,77.3596380316525,10.98955391731324
2025-07-30 20:28:47.637544,Metropolis,107.24220436112002,40.80553979230601,66.18749808869765,27.084931841318163,1.2120829732009581,18.56730491144563,59.756454077390174,20.71135179305932
2025-07-31 20:28:47.637544,Metropolis,196.60441325064636,76.18769340933687,84.13829218021995,30.517307710595105,1.0600156633591307,17.068895233317885,57.42623462576655,1.6570796306120528
2025-08-01 20:28:47.637544,Metropolis,127.6511197953858,55.963510570163685,87.90666439068156,25.155717242548505,1.7869933816450163,15.594457224912786,62.24451818559972,15.235491513060772
2025-08-02 20:28:47.637544,Metropolis,123.11789587946924,49.93766755155097,40.34044301214563,28.12618442415443,0.9807457652496464,22.490355902301488,66.52322878413419,2.1180392150787526
2025-08-03 20:28:47.637544,Metropolis,121.2740625694518,46.533504282649766,76.67992563809102,10.93707250328537,1.1979017667187044,20.474720815852386,54.4969484615458,6.641883160309742
2025-08-04 20:28:47.637544,Metropolis,153.3630379499351,48.7118801643153,97.09736722896776,34.98359716053781,0.814692833956947,11.001967752703264,71.48765700372104,1.3014311061095025
2025-08-05 20:28:47.637544,Metropolis,103.75198956375479,43.371600630749484,50.81892423517183,16.457292618689177,1.5804133936892597,20.44361902109038,59.53079421120816,12.385204136115608
2025-08-06 20:28:47.637544,Metropolis,108.62638853294584,49.67688300781734,47.12698747909886,39.22494551542815,0.7531217084193438,17.977931838059018,75.00759790634311,14.251108710567465
2025-08-07 20:28:47.637544,Metropolis,111.35563686739717,43.01451293803265,65.38128834485723,25.905796964901445,2.0383739917804204,20.412272418648477,70.30283454031843,11.193945795132567
2025-08-08 20:28:47.637544,Metropolis,117.4810118068473,44.08188654819101,68.02428112155276,28.26774677361014,0.9813888817450792,19.139597025172677,67.3264007721558,9.596417099457089
2025-08-09 20:28:47.637544,Metropolis,69.66469073728355,23.87383585547481,10.0,25.51043074739154,1.1732442379489965,10.158387865785658,80.88374704780728,9.30205185922413
2025-08-10 20:28:47.637544,Metropolis,91.38102529090709,39.04748595914606,25.338997019614343,22.340110904667352,0.47329221841317193,24.454465915642015,58.09317599236653,11.087164365898614
2025-08-11 20:28:47.637544,Metropolis,174.55896009138286,60.209921695600045,80.65199636235519,30.083641919070132,1.1824805012331128,18.40659647653361,62.010990467149675,15.253271980038061
2025-08-12 20:28:47.637544,Metropolis,175.03371994848112,63.479761850188055,94.08591539493506,34.835738648200994,0.4284975436347582,15.009400248853087,63.02635465239033,6.228620749903211
2025-08-13 20:28:47.637544,Metropolis,130.93711111008187,45.67664751683444,76.5333322796636,31.532933512367396,1.2109603771176425,19.679964262406603,57.558433647093516,14.820435841441785
2025-08-14 20:28:47.637544,Metropolis,157.59083782722328,64.22658914432928,45.02464141294966,34.16626660372842,1.350586371155449,22.319386345164695,58.499444129674735,10.62788226735771
2025-08-15 20:28:47.637544,Metropolis,124.79079587725573,43.53829809800241,69.51314414502004,17.104436862178208,0.2799745587028528,15.526303686175241,50.08607650543693,0.0
2025-08-16 20:28:47.637544,Metropolis,31.35567514857306,11.303901582513914,17.370695828634698,31.864315500291916,1.504908544671317,24.70147131496115,69.81765486991594,8.375843082456887
2025-08-17 20:28:47.637544,Metropolis,144.15852038240038,5.0,89.28854404153599,5.0,0.1773006265215541,25.1424880822582,73.84272818510519,12.819545600261797
2025-08-18 20:28:47.637544,Metropolis,136.8674211476426,54.33016404324954,85.18158455301153,35.29371035700278,1.140595711984688,17.516645075436557,52.46035411133324,8.59662461566613
2025-08-19 20:28:47.637544,Metropolis,100.49376221950548,19.78120757009731,65.79654713864714,17.701868820004872,0.44820534139211454,21.763786750547844,69.18316606002313,2.1474969818841148
2025-08-20 20:28:47.637544,Metropolis,134.85364939095163,30.10224140080477,86.23541893380407,17.64845778929682,0.8876834250014877,14.56829836008901,61.0537550614596,3.3298725254089776
2025-08-21 20:28:47.637544,Metropolis,110.02209245943489,35.70171308492094,73.47898029913446,11.431176536777878,1.2202373689801995,19.018583735346013,62.23914134064661,16.82070214986922
2025-08-22 20:28:47.637544,Metropolis,116.44031748420153,46.380686712377795,58.16536793648373,28.47413461665243,1.271649014518194,17.37293465994124,52.980083121932445,6.68549541224526
2025-08-23 20:28:47.637544,Metropolis,107.44898616137405,5.0,76.42203921137735,5.0,0.6535474011020463,19.82827458004618,57.05050321707972,16.238710363368668
2025-08-24 20:28:47.637544,Metropolis,58.16561180620124,8.973983360689669,46.694397330997575,6.1847008295762755,2.072574563886694,17.96763349285493,66.33776880932099,12.068995487257492
2025-08-25 20:28:47.637544,Metropolis,112.36650664398779,41.09108619041548,63.209187615703144,27.373315256581648,0.9264989991857557,23.566769541564607,54.425082149921664,3.1509851021046114
2025-08-26 20:28:47.637544,Metropolis,192.4240759553278,42.34500824581286,117.09804520970891,18.797873805843533,1.8195584027220337,15.173854760416857,65.68983079185276,18.141983115642688
2025-08-27 20:28:47.637544,Metropolis,87.97222432611369,37.785999910709506,61.137766836235485,20.91964887327447,0.49262163465356656,13.064637212474135,60.34083468259226,6.150133844706791
2025-08-28 20:28:47.637544,Metropolis,97.03334129550666,46.78827908848849,33.80432269336836,29.94954752795821,1.4167644808044624,17.762914915356355,72.27668992473292,3.951794906543973
2025-08-29 20:28:47.637544,Metropolis,176.04228076397794,68.1836046555043,73.02290846672902,19.497390868885283,0.972115461171147,16.775525600706604,65.38755992446369,5.396632034603169
2025-08-30 20:28:47.637544,Metropolis,43.77962298796392,20.453968965544632,11.096044969405593,12.84451768901473,0.5480461792676051,20.165057828133044,70.9131012059427,13.045690604535885
2025-08-31 20:28:47.637544,Metropolis,72.35964614672687,5.0,32.777567164606616,25.99955571929272,1.0708584568199524,17.548532237684,61.92049116490031,8.454417678987493
2025-09-01 20:28:47.637544,Metropolis,103.56257338879001,44.5689871975478,60.79941371110947,33.364023579792686,1.4783511583972921,12.28923795223345,41.637946268967035,12.539956634562719
2025-09-02 20:28:47.637544,Metropolis,64.56243295440403,25.849256827921185,20.541822021744274,30.085664005574284,2.2464997587163955,18.71535028361957,60.81829358547565,9.505551734044287
2025-09-03 20:28:47.637544,Metropolis,133.3815974441362,56.02500079222667,57.552789437342184,28.793349914424102,1.1608489030980067,19.095553822314642,58.25040243304591,6.221274202535776
2025-09-04 20:28:47.637544,Metropolis,136.18611025546048,50.13086183885788,45.15546164213199,26.323418666342196,0.9954405016778982,17.465701791290773,59.74973041254856,14.088831496001436
2025-09-05 20:28:47.637544,Metropolis,146.31385634116134,62.78599718876602,74.05553205729672,26.069968175186965,0.3440818838249202,15.050767863689154,53.90487797840717,9.06514348507277
2025-09-06 20:28:47.637544,Metropolis,73.05831842456338,17.637656271572283,48.27571618430812,12.688965918466927,1.2432508219131009,9.967553999996223,50.606646061812455,9.279562221391922
2025-09-07 20:28:47.637544,Metropolis,72.07217001791135,5.0,49.471065818142286,28.63167206284304,1.6093809258486584,20.296342149955922,61.486674572021116,8.314570144409803
2025-09-08 20:28:47.637544,Metropolis,85.9385667171656,32.31314560302404,56.22188460444464,21.87532459265678,1.0852081111877439,15.766230838529312,64.3693816974635,15.953231373931708
2025-09-09 20:28:47.637544,Metropolis,125.40329654299647,55.628833410860274,32.380322699862546,5.0,1.4671599556196369,15.018464483942155,48.298869739406406,0.9900978120999007
2025-09-10 20:28:47.637544,Metropolis,117.99834051038314,49.38431399716319,77.07666281719,19.86608252977849,0.1,16.806598553253327,45.21088431225871,10.916799598895778
2025-09-11 20:28:47.637544,Metropolis,121.92020855210862,40.91512939459666,73.30299569030915,26.768192250237327,0.5134655295592223,15.096799847014884,59.72695460490068,5.33366020463402
2025-09-12 20:28:47.637544,Metropolis,72.23982515039619,34.383534631883904,43.85309831909683,23.78692360064405,1.8558542400711717,10.67570000624806,74.71170327493608,8.95338161424067
2025-09-13 20:28:47.637544,Metropolis,92.56075448690493,5.890288987492342,57.18766384900816,6.907034636326905,1.913004856773468,13.999455809258437,81.57308213265503,6.971425384983307
2025-09-14 20:28:47.637544,Metropolis,67.71272709164187,26.957074240393677,42.22431709851095,25.930234724115017,1.7807555983634265,13.152568219088487,64.59972142939117,6.611423151239469
2025-09-15 20:28:47.637544,Metropolis,163.85723145874394,70.93139774161637,63.82659016473029,21.712079001237427,1.0923401529324541,12.45045239882656,72.00413907944426,6.715528605143021
2025-09-16 20:28:47.637544,Metropolis,117.50285919779385,24.937579599289627,71.6949215598238,37.17766371638933,1.3594766553325335,13.050236904050976,45.78189333258156,17.506668259777435
2025-09-17 20:28:47.637544,Metropolis,93.85247393278291,35.71743848478674,55.819793772027225,38.56075945219997,1.27811500470033,21.77382506841264,53.564817696198574,14.639200640406186
2025-09-18 20:28:47.637544,Metropolis,108.72042544251858,41.3349858608089,66.09152905829409,40.524578757801635,1.253917878144812,18.457416505605725,56.350472704571146,5.803951663304968
2025-09-19 20:28:47.637544,Metropolis,59.62643440607902,24.735588256774697,21.28445746311526,45.76593438294832,0.44839581713915844,14.373423183878337,63.07406697809101,14.078686062696484
2025-09-20 20:28:47.637544,Metropolis,68.13451695265587,28.248571285796537,23.85065466922176,10.999517342336063,1.1412899752441499,19.992771208260155,64.90974951638252,13.674388930249087
2025-09-21 20:28:47.637544,Metropolis,92.3334284937138,25.224256030734587,58.891032650791594,14.450734087398766,0.3515840260220767,13.18644781898621,54.713833182502434,12.931820093775466
2025-09-22 20:28:47.637544,Metropolis,149.40926746203,58.80069426685773,60.76510382775103,28.201554223666236,1.851107472317619,22.91827344021778,65.65509645631545,1.1961862042209113
2025-09-23 20:28:47.637544,Metropolis,127.31004775190952,51.4778430366989,67.88974577785191,37.98638690089291,1.3365906756349792,11.415964651197356,57.90976742713975,5.7473977289535
2025-09-24 20:28:47.637544,Metropolis,96.0019632952328,31.427011267580873,71.97386261038976,41.76647655083992,1.1973357649114906,16.40123951198628,71.96631486645651,6.951085478403089
2025-09-25 20:28:47.637544,Metropolis,94.00960920865289,38.08763627789229,60.44060456156301,17.199963758170625,1.3241402169219296,16.30754422071411,51.125078221978995,7.812708498382948
2025-09-26 20:28:47.637544,Metropolis,129.50320308835177,50.90254233233317,52.64356990553956,42.30304949479235,0.8001819071926988,17.83118347807757,45.816342670669684,1.1959559400961197
2025-09-27 20:28:47.637544,Metropolis,84.82877487729893,5.0,60.314167242581874,7.0022469324216114,2.279099642834126,15.57448230093719,75.42109952567876,20.030464440795615
2025-09-28 20:28:47.637544,Metropolis,122.64600910627962,45.9449593378453,59.20093314431185,22.75182810226429,1.2962634746005914,13.357645695164065,51.81801116577693,9.98312771294524
2025-09-29 20:28:47.637544,Metropolis,94.5248314838658,37.45630504837893,50.949050592833785,31.96841166769358,1.4776526042852554,19.437127436292215,48.58310885866495,9.03170270360141
2025-09-30 20:28:47.637544,Metropolis,88.25782747707923,29.249332017863168,22.67176789889666,24.17402655502563,0.9391262458083582,16.893268467116954,49.758131756707954,19.27046283167094
2025-10-01 20:28:47.637544,Metropolis,142.0671588346807,58.31569063815649,71.6422318772866,22.735251614139777,0.5202803816382602,18.266338461750657,78.84586305934609,17.716217641360945
2025-10-02 20:28:47.637544,Metropolis,84.91139872586798,32.67188863360807,37.61459627482305,26.411177449313133,0.11578031721857418,14.559507221305086,55.33963498131758,2.0264846636660225
2025-10-03 20:28:47.637544,Metropolis,119.02235438387383,47.71900137375208,49.36848286957127,13.308331530500286,0.1,20.324254677612398,76.6125921454787,7.714518717068641
2025-10-04 20:28:47.637544,Metropolis,74.29443651409723,5.998110671462008,44.42242248683355,5.0,1.1508959499097329,18.69644546009728,58.99845923520047,8.981631249115171
2025-10-05 20:28:47.637544,Metropolis,36.949811851269686,5.0,18.54264372595813,10.261961349903178,1.183682753408089,12.61721341687741,74.92688568959522,8.644381994787157
2025-10-06 20:28:47.637544,Metropolis,106.77121562549902,39.761110661829875,45.178196532628164,5.0,1.4420226981805249,14.196827367173569,60.66990717224872,12.579696088520498
2025-10-07 20:28:47.637544,Metropolis,77.32419319104962,16.67745400882282,49.59240924625555,33.00046772727875,0.3728552884153753,10.988075517190264,64.66429982433526,9.821792588512583
2025-10-08 20:28:47.637544,Metropolis,127.29787318221763,15.928578573058708,83.52812080660546,17.73186213784018,0.5948737814928096,18.52368995410682,49.841781810216034,10.308399249239859
2025-10-09 20:28:47.637544,Metropolis,108.30809180154164,46.633597603211534,74.1641372926423,26.86509060189872,0.8164860804583388,15.359106698265593,49.27860988014393,0.0
2025-10-10 20:28:47.637544,Metropolis,123.87886293490845,46.80140821448529,78.45821354990431,5.0,0.49513464764503123,21.298991985195233,60.20793707675408,6.3599852938543275
2025-10-11 20:28:47.637544,Metropolis,89.61753559878107,12.567077048385553,62.96331388040093,6.195620041233724,0.6004039966748732,12.29527600770294,61.22670315994795,18.123392292347802
2025-10-12 20:28:47.637544,Metropolis,59.38124699974221,20.220059691308247,30.51373584932596,9.768822608128465,0.21840459565167147,14.9534237062455,58.19520086409374,25.965537839224304
2025-10-13 20:28:47.637544,Metropolis,113.44352109380803,44.92432679537215,45.628728752926605,20.957940622887996,1.5742228545983774,10.90668264999133,69.19228934575203,6.65927957230503
2025-10-14 20:28:47.637544,Metropolis,172.22219895481098,68.61745753981478,82.37794765912035,20.78577649168828,1.6405081808675566,17.817316473642453,64.84732817294474,5.768216725045632
2025-10-15 20:28:47.637544,Metropolis,112.69472225062347,30.945474078207926,81.497298696078,21.95160746041952,0.7981757683790016,16.57015797826531,80.62524919243145,4.662335428728635
2025-10-16 20:28:47.637544,Metropolis,123.28438418652561,41.04849309699427,89.27221297866294,24.5461867109943,1.226185898124867,16.627521915074396,58.12855734995451,14.928649978399314
2025-10-17 20:28:47.637544,Metropolis,171.37991200207824,58.588195096025245,112.95737932420326,31.185033893412744,1.1628981582910831,14.329203282844926,63.38483843461691,8.522992949304854
2025-10-18 20:28:47.637544,Metropolis,107.16850954500167,18.402218112206096,62.66490591440201,5.0,1.5699392805645227,15.083446153107705,38.78145100991405,6.960890064527838
2025-10-19 20:28:47.637544,Metropolis,96.99066994632943,35.43378787251356,36.01094326516775,5.0,0.7476125393858912,17.1296355416526,57.61067900830306,8.165877940926562
2025-10-20 20:28:47.637544,Metropolis,100.20083524775451,35.21170001579982,43.18390468721567,41.69779302042299,0.83883976539433,20.10798428149593,69.9831089814796,7.841898436409759
2025-10-21 20:28:47.637544,Metropolis,106.35667757893005,47.25883019621123,61.320406133924806,16.564420813279764,1.1621796408608014,19.164477585965734,55.35382702701607,11.005798279364196
2025-10-22 20:28:47.637544,Metropolis,122.64440671640651,45.572573496733625,56.806783661230696,31.528565726523496,0.7625481716887378,11.623688671030504,61.26379579546412,19.694644995291423
2025-10-23 20:28:47.637544,Metropolis,76.43457611592619,26.444196459332442,48.61885008212707,30.86366166079718,1.089790890969799,17.192144554651023,66.3472146856177,15.548499209781117
2025-10-24 20:28:47.637544,Metropolis,117.99329778516174,47.72785409959499,57.545708276130114,32.51602413486097,1.9499409674476078,12.866699208821728,71.07080669286972,9.39809418023201
2025-10-25 20:28:47.637544,Metropolis,85.10669415186275,5.0,54.52459389744841,8.00543825860743,0.9547333588479197,16.430219157483858,67.09451817139039,7.822568147150783
2025-10-26 20:28:47.637544,Metropolis,52.03638977102534,24.55631071658852,32.59865206424257,20.81796668084867,1.3076837420065268,19.187808220498734,54.64036554885952,14.040288991405726
2025-10-27 20:28:47.637544,Metropolis,149.46792511062537,47.51669230797523,99.77474744633514,23.769031479759036,0.8253416019409012,15.094151954974734,67.9994190194205,1.9184469578170606
2025-10-28 20:28:47.637544,Metropolis,64.84334977365957,26.355136783613716,41.88450117462969,35.58326245514027,1.8553066862909626,15.573721365834484,60.700521631131814,15.809391513040953
2025-10-29 20:28:47.637544,Metropolis,104.26384770057962,28.408352788274108,68.24535435639478,35.91130119839066,1.2505470849699227,19.162463178267785,32.967677070007625,13.389376597654538
2025-10-30 20:28:47.637544,Metropolis,80.30309147923253,32.67103065020378,27.11059090854358,31.353108943807378,1.6868292725814789,19.099706590166385,76.12278257988646,16.57457226792024
2025-10-31 20:28:47.637544,Metropolis,165.6652272336479,67.25034084597895,78.81885917954993,27.079772841719958,0.19901709405141577,13.795696666755454,81.70942717497815,9.120570937838316
2025-11-01 20:28:47.637544,Metropolis,69.17368954145837,19.672792936251227,50.266788772535264,14.348384880966508,1.8475255202153766,16.9961827829537,52.57529414301952,3.3998874438964712
2025-11-02 20:28:47.637544,Metropolis,44.08395233309053,8.827121805870156,38.76475131320591,9.70880683955212,0.653789510063072,16.252512366838634,44.952796259689975,13.800279818448013
2025-11-03 20:28:47.637544,Metropolis,114.25231555751176,44.42422818132798,35.63041784166704,23.50172517315658,0.6239217972047084,20.61516728172465,41.248275303542556,10.575130395737085
2025-11-04 20:28:47.637544,Metropolis,114.5469847503864,40.97459553918422,78.49168273803505,28.820260018718805,0.6240153341305905,14.300216165931449,70.76007138598598,10.10655824335971
2025-11-05 20:28:47.637544,Metropolis,162.1894262880576,72.08832922024682,64.14248712463515,19.701166797871227,0.24314280369358643,12.032826637959385,62.67126651011483,12.54362511614967
2025-11-06 20:28:47.637544,Metropolis,141.45409804950646,20.051358289370782,83.55459451130147,22.053998893091997,1.0733965059927746,19.575127357522987,57.314693520941674,5.544038872923563
2025-11-07 20:28:47.637544,Metropolis,76.05158178394389,11.695547216566894,51.576100969911295,24.875086729976292,0.5064102364244081,17.21694476712954,57.751440181919214,6.749987095882702
2025-11-08 20:28:47.637544,Metropolis,74.17978361018467,21.71090694436537,50.110443288684856,5.0,1.705466189873135,17.14709230126677,67.08214423256557,11.166080656317508
2025-11-09 20:28:47.637544,Metropolis,72.79056914500131,33.69113248728317,47.33360777191322,8.572667742887868,1.1807517626030508,17.522720606621817,59.66770009355539,8.959415713637302
2025-11-10 20:28:47.637544,Metropolis,108.3076658968172,42.68364079073728,29.280574283529077,21.818602653751004,1.0464224505705573,14.222826308382745,72.65707840864701,5.669125758927496
2025-11-11 20:28:47.637544,Metropolis,136.5029862782597,59.3757418383298,75.79471298307682,20.95466881677634,1.887655446304756,20.174404436044377,70.00582318042979,6.646898954616775
2025-11-12 20:28:47.637544,Metropolis,163.52575695287908,65.94753774703382,62.58990707712427,30.417215415833013,1.1301609193856104,19.96270394251379,67.93488720552213,1.2573401338090964
2025-11-13 20:28:47.637544,Metropolis,151.23224365757943,64.85676318389257,34.68764955036694,37.971291813776716,1.5633525684137917,16.413386906496388,48.94295331514064,8.925394848556323
2025-11-14 20:28:47.637544,Metropolis,120.20415397898107,40.90660497129562,83.8838894965094,40.86664707823695,1.697841905394978,17.135893995807287,43.1656180777905,5.970649667519056
2025-11-15 20:28:47.637544,Metropolis,113.67887913417782,35.23964205082636,75.96195780251139,5.0,0.7037678704235528,18.723917253641073,51.90396480078354,12.120305222320448
2025-11-16 20:28:47.637544,Metropolis,61.22694825106181,13.903243252903314,43.727204770885,20.968259209520525,1.0032111349054689,17.676587317706037,59.11637040794665,8.149944850589362
2025-11-17 20:28:47.637544,Metropolis,159.01158463518388,42.377003715520125,101.36136039338433,33.73866680717572,0.8522598409854198,17.1280138584953,71.73124637586642,11.84821096099047
2025-11-18 20:28:47.637544,Metropolis,106.14229486283523,44.90159546327765,78.72102995121719,12.546802290985548,0.43661626554509736,18.68439309596166,77.32514999485092,21.15650073096316
2025-11-19 20:28:47.637544,Metropolis,132.9673478728321,56.3380741567658,80.16785095162079,10.373076476049828,0.7286631001329891,16.52111102282387,58.318561814152105,7.639547111514363
2025-11-20 20:28:47.637544,Metropolis,148.98980413445156,17.33791162366355,85.49931829130122,17.786274132252117,1.1196234320555747,15.755550614890913,34.697124772536704,8.569978890599446
2025-11-21 20:28:47.637544,Metropolis,160.50286551875928,63.80574850717501,110.10398005770654,16.350181046574058,1.2483496116182609,18.327831928185816,86.44343347017035,2.485148358024234
2025-11-22 20:28:47.637544,Metropolis,86.61919686816496,26.365159953601243,55.69246098208262,27.13739576498479,1.0489915767354476,17.604586813325948,62.69126941245107,8.284038622512949
2025-11-23 20:28:47.637544,Metropolis,91.64560487156729,32.15404094553824,39.35348717567353,20.1862352378706,0.9853685931575108,18.76105012808328,42.26967531793119,16.309607503569957
2025-11-24 20:28:47.637544,Metropolis,67.2675667875141,34.519481747845454,59.08287261820071,23.096120189957446,1.6872190465854087,28.46597873137235,70.56056809066052,11.1161945706458
2025-11-25 20:28:47.637544,Metropolis,124.45750596423368,47.56058452167967,78.2870732935391,34.40322154925537,1.3226077929750284,19.460739309227733,58.02661579692674,9.24363358173244
2025-11-26 20:28:47.637544,Metropolis,150.07053163820925,45.74234066888743,95.67434924860775,35.268549659897445,0.1,19.91719102124515,59.81291243554102,8.057407734555571
2025-11-27 20:28:47.637544,Metropolis,154.8158939956817,65.81298453643782,92.37746984742856,21.746870190087716,1.2035261435622675,15.336792373957016,53.73282775410035,14.311967361913794
2025-11-28 20:28:47.637544,Metropolis,152.4271146724587,63.5367722498753,84.12155325579687,36.87090615309697,1.2580891435574793,20.91571591863882,68.00409525227683,13.771456649067872
2025-11-29 20:28:47.637544,Metropolis,105.64825846953102,42.36538842480864,63.46360872305477,20.78032600176033,1.5350751191582137,17.120219972661346,58.36933036056236,6.275486775967755
2025-11-30 20:28:47.637544,Metropolis,51.338100735651885,14.698906998342181,46.849498270126496,9.489091351479338,0.8460192351804798,20.553171683597768,60.012054753622245,5.914556844659047
2025-12-01 20:28:47.637544,Metropolis,142.34151156034332,60.013174023286524,93.93813624773185,13.986645854710485,0.6186376107168929,17.242535195073632,68.29474841931749,9.030869306135983
2025-12-02 20:28:47.637544,Metropolis,116.74332774772593,46.45760057802506,35.560737508391256,36.56684190093438,0.3803708025732637,21.044792412716685,73.60658595838652,3.45589800440444
2025-12-03 20:28:47.637544,Metropolis,121.75231830472879,5.436312244630599,79.77048276798836,48.36960910608002,1.6194731764697186,18.889588734075346,68.0712259663731,5.132269001477657
2025-12-04 20:28:47.637544,Metropolis,149.37610893562535,58.18077970553507,86.66252293112021,41.11980565758469,2.3798300194555386,18.990815705473395,59.74425687808006,1.1546204755544096
2025-12-05 20:28:47.637544,Metropolis,95.02242586801546,40.92379118265549,68.83108346122498,25.431360095149756,1.076177436016861,24.035336076469097,60.002070649181974,9.953498394306928
2025-12-06 20:28:47.637544,Metropolis,76.80084350746256,21.737707200059894,55.58800559881008,26.57904662055318,0.5664348921445499,19.916885887546837,46.54129076526785,5.903710701392511
2025-12-07 20:28:47.637544,Metropolis,114.17369552879276,19.82692711271066,70.44314393807537,21.11073339795952,1.0967949556837722,20.573004742742082,63.904648499288896,9.483891235337518
2025-12-08 20:28:47.637544,Metropolis,154.8953991513051,56.26716711612227,66.77492466046013,6.7551943547996345,0.9328604189068479,23.9220121442887,69.6539748459117,16.18065360903109
2025-12-09 20:28:47.637544,Metropolis,140.99614401423165,53.935373006608096,82.85457786139172,25.126235616749767,0.8419635719864751,24.914407882599715,58.60553724319001,7.7490536757429425
2025-12-10 20:28:47.637544,Metropolis,131.61540847502084,52.934396939321516,91.41385131329113,17.02469061690086,0.1,17.8011015004938,54.91859802352689,9.261098405912643
2025-12-11 20:28:47.637544,Metropolis,169.60756699282126,46.45081587277253,108.92366370159151,34.892218650082064,1.1502371798054143,18.208271650716558,70.39111787420269,9.621178567322701
2025-12-12 20:28:47.637544,Metropolis,162.84363532290237,63.631816024770885,58.92476548842593,16.249715722915706,1.4089448290125144,19.081148720003817,51.303369187253054,15.627173922073847
2025-12-13 20:28:47.637544,Metropolis,129.77254873065604,11.06039711386429,88.70582232543059,10.444580406958417,1.3191959628041916,23.760350046684135,54.558859978858074,9.18603546963853
2025-12-14 20:28:47.637544,Metropolis,72.32434827990892,29.844138973323638,36.30177789795228,27.02341912539517,0.7433932167642074,19.132127547368373,34.376663412046895,9.044861186999155
2025-12-15 20:28:47.637544,Metropolis,227.09982936189954,90.75006817351162,97.53334103193728,32.08781462731499,0.8685545853958662,23.92177577018457,48.19187184691155,15.57160847334436
2025-12-16 20:28:47.637544,Metropolis,170.78774693290546,65.62365382929491,96.70311566067306,36.8312244369354,1.009808328846995,24.22190945006226,56.45959289058976,7.131991135515495
2025-12-17 20:28:47.637544,Metropolis,172.37793848695304,56.754389108810805,113.82022004972524,20.222201583401493,0.26623736712378,22.765935445508553,61.73341664370408,11.219765989542502
2025-12-18 20:28:47.637544,Metropolis,168.67688747138453,52.213535920394605,113.13962338191668,16.77174508519318,0.585751487609877,17.85121843649584,58.241455955679285,18.30735082864009
2025-12-19 20:28:47.637544,Metropolis,136.77605451442824,56.21120732706704,88.46088311831508,20.347307349588004,0.6918192959802613,21.995809711045105,72.81643795003768,12.788455303625623
2025-12-20 20:28:47.637544,Metropolis,112.23034827569788,14.563596449079625,64.28329427334276,25.599950386535404,1.5700745192606331,20.072450326083946,51.89142488789662,3.7121107054269187
2025-12-21 20:28:47.637544,Metropolis,100.58408451267508,28.063839229765723,69.18837316348235,30.660413724076243,0.9620244881787386,23.742342534931442,51.64857098369977,20.447693608473866
2025-12-22 20:28:47.637544,Metropolis,131.69793008696416,32.798908179943496,89.06554695798606,53.69297398565359,1.003399922279999,22.384575524925907,58.19608318237592,16.864242373382652
2025-12-23 20:28:47.637544,Metropolis,170.5330220908062,24.076495887792092,116.55031086252855,19.387640754365897,0.8666738353827926,25.392872088179505,44.01875648116253,12.310863330409713
2025-12-24 20:28:47.637544,Metropolis,224.16008069021967,87.96048345131572,59.13027856116321,35.69498122711043,0.6690089111016955,23.85536288325373,53.5851309095569,12.43936142435537
2025-12-25 20:28:47.637544,Metropolis,202.943605476451,85.00318769785244,83.08887324203096,41.166562447007465,0.35336352106441815,25.38620185916678,74.84116028535965,11.7780667439283
2025-12-26 20:28:47.637544,Metropolis,142.78541454174348,53.584833567403756,87.40688414634367,21.63627467292836,1.3022576631776834,22.784081014126293,55.299578522404985,11.329391148260243
2025-12-27 20:28:47.637544,Metropolis,88.83651083490871,27.07315542334467,61.61327490341395,42.80919362364196,0.8764871496270017,22.369350315071323,67.44191971499937,9.093879133909486
2025-12-28 20:28:47.637544,Metropolis,116.15083642953775,24.227011080713524,89.87749062876262,36.17983337290383,0.6997882171306474,27.506344397278223,53.15370174239996,13.953127995813844
2025-12-29 20:28:47.637544,Metropolis,160.37167830432006,29.76001050186755,106.81929841730381,22.54406459096473,1.3653820595332622,21.793965625582608,55.929636870732196,13.431592284783504
2025-12-30 20:28:47.637544,Metropolis,169.28249993371577,61.24414967361181,101.17185892477463,54.5922722835965,0.21787919414447432,25.140934251011284,51.01215951676872,3.348431871305051
2025-12-31 20:28:47.637544,Metropolis,148.13774645721816,57.163194138344494,108.43300223848917,33.724508796224654,1.7555774651236737,24.96373315646183,47.47606555586881,11.818159413124839
2026-01-01 20:28:47.637544,Metropolis,188.48633045377557,73.6475779745762,82.10116481105396,9.129994995287007,1.0994740733982473,26.38501782644344,72.35782191822155,4.6447316017547555
2026-01-02 20:28:47.637544,Metropolis,172.18738622545243,70.89167381421166,114.88279859824186,17.55834027616229,1.1598259129594886,25.099648096922518,63.476764835383364,7.5638571794322385
2026-01-03 20:28:47.637544,Metropolis,107.6411903792522,25.8967721570409,67.23163836645811,12.143737283604512,0.4570874355574073,22.06981456675657,66.66312500909211,12.312956464269757
2026-01-04 20:28:47.636540,Metropolis,75.62512701294087,10.488947604187448,53.5127797573565,35.12911829849692,0.5094172344301592,27.074206947778887,67.83390509282596,8.742305569777521
2026-01-05 20:28:47.636540,Metropolis,182.39269321979054,52.75664305437431,121.02634119609354,53.24864462535025,1.4894290253908977,23.434850822451686,51.695555934434346,12.612570526328788
2026-01-06 20:28:47.636540,Metropolis,192.20701035075666,68.33800726227895,121.12502278235164,42.53551789983574,0.248459849120091,23.03683509253111,56.16028728047648,11.251001031258472
2026-01-07 20:28:47.636540,Metropolis,239.0519751854372,92.33917324474652,155.8046124670878,42.269311040355355,0.908401690639806,28.865046726615034,56.793323744428086,18.97605677956161
2026-01-08 20:28:47.636540,Metropolis,173.88099708003693,66.19663683013633,104.07322494522583,43.03203024167727,1.2107933053072277,24.52102816149188,54.41698246053969,4.499228835141525
2026-01-09 20:28:47.636540,Metropolis,174.14077699318207,69.67869487258902,110.20799469017072,41.12081686816167,1.8372462166737686,28.549313173420348,49.08299123860686,8.064501487627995
2026-01-10 20:28:47.636540,Metropolis,115.50251734365273,48.85892924711621,87.12083654030721,21.273261965172953,0.9642003740709666,25.641843839394944,68.90383163519786,12.87602508053283
2026-01-11 20:28:47.636540,Metropolis,122.67458424598291,46.27452001758303,71.64227503891652,24.452898684714206,0.6698394302632764,28.14518593160061,64.92018847992799,7.369825786662098
2026-01-12 20:28:47.636540,Metropolis,184.0790729658387,31.80194619930372,118.0961892311325,32.26267043860215,0.5686121179784397,25.875007078928803,70.59936384046622,13.085029747883487
2026-01-13 20:28:47.636540,Metropolis,183.03715387776415,74.69197010809047,69.33853116611428,49.338654983905656,1.130625265616928,27.649380532068406,42.2376476710168,12.043264057403354
2026-01-14 20:28:47.636540,Metropolis,117.03957280654193,49.33288269738792,70.10677726330782,22.16313579788059,1.5563441874949626,31.987910789808996,54.64198536947702,1.463210212035266
2026-01-15 20:28:47.636540,Metropolis,185.16542913896444,48.35919930309385,122.37683125362437,35.994551171795194,0.7258563517546995,29.058881159664505,71.1739881590246,17.242496149464632
2026-01-16 20:28:47.636540,Metropolis,140.46899439750845,60.04263346384582,71.63779100438241,33.58492996410829,1.130140253291443,24.848128830655927,63.437878815498856,9.756738242147744
2026-01-17 20:28:47.636540,Metropolis,112.05599308321283,41.26160358878598,58.48456629241688,23.080817186748416,0.5378834278658478,30.990572332977347,41.53812137761906,5.35244569903795
2026-01-18 20:28:47.636540,Metropolis,82.50213894607292,18.65048566677459,61.147158051550704,24.71483254865928,0.27517739015073495,25.03734013031839,62.07267329398944,10.346721685181253
2026-01-19 20:28:47.636540,Metropolis,171.49628184332371,55.59932993378849,103.1745072935589,32.74589577105099,0.8641724448369734,32.23407977229469,47.004187630724026,14.148662089395874
2026-01-20 20:28:47.636540,Metropolis,186.07806771069622,78.92140630925614,77.16042121277104,46.56300543348974,1.7689659592062763,25.62272053289834,70.17661466843502,11.35747655412824
2026-01-21 20:28:47.636540,Metropolis,198.8373434965152,75.34566657212028,107.42206799330108,42.44372043104516,0.3367639358444585,32.04553119904703,57.70609255931972,9.782615250930688
2026-01-22 20:28:47.636540,Metropolis,178.30878070932036,44.427878319477635,111.37683140707689,44.417819846048175,0.9689044915003445,27.69501373596691,65.646059258936,4.901678306539422
2026-01-23 20:28:47.636540,Metropolis,167.08523869767976,67.35998586175857,98.0828170292515,41.10971328284549,0.8152365355833207,31.33477557676059,55.63235762761782,1.9671144963066034
2026-01-24 20:28:47.636540,Metropolis,168.1540481624885,69.27351834720078,104.67372124998892,13.592252941003546,1.3448539026225972,29.80534153805291,62.94224129013494,8.82796099841839
2026-01-25 20:28:47.636540,Metropolis,94.88569764757293,31.587387068450393,63.704987032044315,17.510016871310746,0.5840888958847776,27.024656058790914,66.8205206571262,17.436230776679636
2026-01-26 20:28:47.636540,Metropolis,162.41658935999155,59.95471323045798,107.77135778722047,44.32460702853365,1.2360011354596372,31.55580318058348,64.82248952680658,3.811687888363511
2026-01-27 20:28:47.636540,Metropolis,211.83810942972897,82.00192780064731,121.19269699754716,31.849432375618292,1.018968917723801,28.854351958666022,70.72978047766011,21.819362473096803
2026-01-28 20:28:47.636540,Metropolis,141.39437358288302,57.48121492853228,76.28561606401003,42.673688665077265,1.3607812525630718,33.99528469899161,46.613942002767516,13.464593115158056
2026-01-29 20:28:47.636540,Metropolis,202.62878863234354,60.486764490932366,138.74957332761957,59.712491932839065,0.616671706108326,32.36610206209729,56.12869350210485,9.772943910338808
2026-01-30 20:28:47.636540,Metropolis,170.7096150543415,70.25633731133568,66.41980338084619,39.7993780406574,0.6551361129679131,34.268651512006215,47.434931057207436,14.066025933739887
2026-01-31 20:28:47.636540,Metropolis,117.70351739066498,40.98897492206496,74.66492494564645,35.49042839903815,1.1700256472844452,32.99126342011963,56.686916168166775,6.938816327461248
2026-02-01 20:28:47.636540,Metropolis,82.7806427700009,29.19105424894403,64.19425762138741,57.22510032674276,1.6223397903683934,26.266782203424793,64.81866061718492,12.736323986889834
2026-02-02 20:28:47.636540,Metropolis,198.34233246424944,78.99336096052646,101.04103927507502,39.12550911535399,1.1639397620796788,23.72215059714039,57.70200369424806,5.742967828698432
2026-02-03 20:28:47.636540,Metropolis,258.6353741904177,73.67687754698007,166.27823944709678,44.19916978641923,0.843235156913801,31.972416793303836,64.20094490451841,13.034252966078355
2026-02-04 20:28:47.636540,Metropolis,261.01059795908617,102.18218859826547,84.3832839822152,45.40333833102572,0.5368094350092307,27.910958028452892,55.82633186394916,8.524550428810468
2026-02-05 20:28:47.636540,Metropolis,208.5373421006249,86.25325625924665,125.7930970824623,28.35082897007416,1.0274670554999243,27.032488002512004,57.82982949575629,8.457586057720901
2026-02-06 20:28:47.636540,Metropolis,280.9520355402893,108.2952810343981,116.50099711603681,27.17109186206526,0.7176129979145289,37.212595188217406,44.140166877620416,0.6003780743047749
2026-02-07 20:28:47.636540,Metropolis,161.72756019202936,75.23401503287926,91.04658965087187,19.901841382387598,1.2673145430612176,31.094895220942746,63.278211728430854,14.621350697689149
2026-02-08 20:28:47.636540,Metropolis,119.10925529830958,32.23249568442929,85.37514568129322,19.4662212238128,1.1276918778371585,29.996164966928013,50.04184605209771,13.255681209118286
2026-02-09 20:28:47.636540,Metropolis,210.96676543906594,85.58541276765352,104.37055762755706,41.73670295850206,0.27570429268322794,31.203709157776537,86.20793091029975,4.440164871129182
2026-02-10 20:28:47.636540,Metropolis,241.05917923103408,94.93524980198619,129.3960623003656,44.29265965525118,1.8793102420975667,32.6537731973536,59.46879346982455,16.117844412093138
2026-02-11 20:28:47.636540,Metropolis,216.19894153604557,89.67973087200882,97.3354927973441,28.423874236435108,0.8985096813021715,31.425772458576716,72.37438134684139,7.71349172456605
2026-02-12 20:28:47.636540,Metropolis,176.04930119481023,72.84652165698529,111.39376326115627,50.2287450103823,0.1,32.37828726516787,72.00078956426862,7.540487762468974
2026-02-13 20:28:47.636540,Metropolis,178.26526400691688,45.59276475384523,123.00581193603274,35.516903783980375,0.40516667045481936,31.31695159926912,53.952553354617876,0.0
2026-02-14 20:28:47.636540,Metropolis,165.2069606162106,62.445159494339926,111.48125063712386,36.00980318391153,0.4311571647875917,31.975019324828097,65.9879438956191,13.341702443590403
2026-02-15 20:28:47.636540,Metropolis,139.02948009333392,38.220525463958055,87.98960979672445,34.18937026897016,1.7279111610733833,34.4837362849443,60.838266279293606,17.05229572601752
2026-02-16 20:28:47.636540,Metropolis,197.11786655199194,80.61932270531071,94.48756294540595,56.27014008421103,1.3489516362695138,30.797961480761394,62.96575545140762,12.315923976337924
2026-02-17 20:28:47.636540,Metropolis,196.07566702201976,77.6677244437478,118.28868415777725,59.35374397540366,1.5357715761174429,35.178101971942304,49.674760964724605,11.989635249734045
2026-02-18 20:28:47.636540,Metropolis,244.3012621263955,102.07903699992775,108.04824472304918,33.9933815907747,0.6739555557034697,30.115435152582442,56.29491901409971,2.9721649041067897
2026-02-19 20:28:47.636540,Metropolis,201.29999748041067,75.4003911788153,130.79471773008981,33.505496283316425,1.7596419618208845,35.6747998416578,53.42165446147863,14.272626135333079
2026-02-20 20:28:47.636540,Metropolis,184.57514617862395,59.00928803174906,130.88739482324831,44.412541666774686,1.2766256099923918,30.008938742009562,65.97228218253385,5.258259978878996
2026-02-21 20:28:47.636540,Metropolis,149.40802788405114,57.554011402902354,61.066119402918346,38.784700637374435,0.38373834261574546,34.679851311645756,53.03228181570425,12.910132835423635
2026-02-22 20:28:47.636540,Metropolis,140.31036818584414,54.725547085138885,77.95153257884856,20.32390972680569,0.1,28.21504825348161,60.95344199441308,8.682758919588755
2026-02-23 20:28:47.636540,Metropolis,218.88648877850733,86.21436339506646,107.99992265544302,39.71913301827585,1.3659353521441477,33.9620787532951,64.69267589808527,2.322139383964471
2026-02-24 20:28:47.636540,Metropolis,218.56345557360353,87.58261137995194,126.59554765049286,32.94855930430864,0.8779597631628994,32.71190023686841,63.338599665685344,17.156833909155917
2026-02-25 20:28:47.636540,Metropolis,235.5081651597438,92.65603198114071,88.3999127304443,49.43546543608463,1.664466659767705,36.48770680858204,80.12270445700764,15.118547730534907
2026-02-26 20:28:47.636540,Metropolis,200.2411900518666,80.36304146194209,135.83688827266928,44.76058459462699,1.0119515216424777,38.001946340154404,51.81571334057999,17.66183862339058
2026-02-27 20:28:47.636540,Metropolis,217.03090509029823,84.31032996879514,87.23242867299552,47.082676986259,0.1,36.06187850531176,54.07644044347946,10.61773847977791
2026-02-28 20:28:47.636540,Metropolis,222.89763024732008,81.30870333680485,80.3795786605871,20.409095044709275,1.7408317012312993,33.509257930818826,70.11463035408356,16.707379577654407
2026-03-01 20:28:47.636540,Metropolis,127.21401166311863,41.0380156774403,81.05680204091672,43.39638471430538,1.8425071393542547,30.948196522251866,79.87061111699441,7.345145510940178
2026-03-02 20:28:47.636540,Metropolis,188.4543260011396,72.32206037702016,122.87044733168034,59.21616775444371,1.4269879882761118,35.064429137650286,60.43514668643466,12.790697572592531
2026-03-03 20:28:47.636540,Metropolis,169.38013613751258,39.57443293747032,110.34460197293132,46.17213640061024,0.42449295819024646,33.145503388484066,77.5547569831549,17.865098626074282
2026-03-04 20:28:47.636540,Metropolis,178.68591649551834,70.69426666209483,113.505271066967,43.101199443349714,0.7741702619201887,31.565828892770867,48.693846650624735,13.113556119501343
2026-03-05 20:28:47.636540,Metropolis,220.73807911167515,87.28257069251814,100.67312520058661,52.873367772221485,0.6842111354173344,36.380845502432855,59.66387435296287,12.273704560705673
2026-03-06 20:28:47.636540,Metropolis,173.8476902056704,70.24617273473129,113.05959442100536,41.937714387719026,0.6267108267298805,29.350453799931195,55.08846252857895,8.575622533151646
2026-03-07 20:28:47.636540,Metropolis,139.8158689413205,49.29757996862202,87.38046546666351,30.952496129425068,1.239720759043032,32.12084244748156,47.967991446108556,4.789777938784486
2026-03-08 20:28:47.636540,Metropolis,123.51691165910285,45.97451594578276,85.38541328922983,23.941319219878764,0.35194166787505277,34.68555974219525,65.95029465835565,7.2128847344583935
2026-03-09 20:28:47.636540,Metropolis,186.29242418786498,72.22445842218119,99.09517245455282,43.89532117341858,0.5757856829045926,28.852113401364015,56.40370327547538,11.50553669595871
2026-03-10 20:28:47.636540,Metropolis,256.575743209588,81.3083514164215,171.68692378698583,47.77341708147104,0.49797270157899487,28.94667783539261,59.194002507032394,5.834719714996207
2026-03-11 20:28:47.636540,Metropolis,248.40751029318565,92.40759870986093,107.02431137277705,43.17071313027679,0.6822210792977983,33.374643989875516,78.32557043479201,14.070758810591332
2026-03-12 20:28:47.636540,Metropolis,212.28147123066418,86.0281220688687,125.57034468460726,48.33653356158147,0.1,36.93403449297192,59.51102816525894,2.974050765982125
2026-03-13 20:28:47.636540,Metropolis,238.18949569246703,78.1258609898808,152.4500019479241,56.92488102961862,0.9689979953169842,33.35644281316727,42.96128413173281,5.377670059352228
2026-03-14 20:28:47.636540,Metropolis,212.70252052954518,77.46446185352605,88.05183385226853,29.576725369201355,0.8500809018625597,39.388441909037724,82.18780233448135,9.204773947999744
2026-03-15 20:28:47.636540,Metropolis,148.56541529523764,58.559063863044535,63.354193809341346,46.8316925271018,0.4161102243660325,31.270440683020524,54.11133173261304,5.813687844751499
2026-03-16 20:28:47.636540,Metropolis,164.21253898764664,70.10446676730874,108.05143945318946,39.12860988947223,1.4166669558901535,35.27292211976461,72.17959152305559,7.434018177433019
2026-03-17 20:28:47.636540,Metropolis,166.23041549298495,68.54601539188306,114.36170562604063,56.454651460155645,1.097053815476679,36.10902933011267,48.977078501635766,13.40679755221474
2026-03-18 20:28:47.636540,Metropolis,219.17414349485074,85.53038805255666,112.94574823276753,36.31478123404276,0.5566595388582714,38.38758072598226,53.626922529712054,12.291933517757421
2026-03-19 20:28:47.636540,Metropolis,151.930924815147,48.17660382441737,107.53065904202863,44.43041522301518,0.5451582915090831,32.73766588231754,62.921927283263734,9.063354907968126
2026-03-20 20:28:47.636540,Metropolis,87.90712236145022,45.98349833023856,76.92144719246838,38.709831636484815,1.228843293026776,33.27929288660168,54.73752143482579,16.94168889104224
2026-03-21 20:28:47.636540,Metropolis,160.83053287076766,48.85080222973923,102.09897380296685,33.72563610359072,0.1,35.459254219084954,65.0826863967459,29.631188532181632
2026-03-22 20:28:47.636540,Metropolis,193.08709879366498,23.42778224256302,129.02814749778494,29.470262973517368,1.1436644522015047,33.57202916732679,54.30167071761241,11.647543677865045
2026-03-23 20:28:47.636540,Metropolis,197.44797135342424,56.98938339780453,134.6320666222549,40.71155037508732,0.4349653304798211,38.64494207452758,54.64664912983777,11.7922680910481
2026-03-24 20:28:47.636540,Metropolis,200.52897832164734,68.83430576601496,134.856411851093,51.75440233877558,1.9243044166482057,36.905289365147254,60.98067539538945,16.47935890931507
